,financebench_id,question_type,question,ground_truth,experiment,change,RAG_answer,correctness,faithfulness,page_hit_at_1,page_hit_at_4,page_hit_at_7,page_hit_at_10
0,financebench_id_00005,domain-relevant,"Does Corning have positive working capital based on FY2022 data? If working capital is not a useful or relevant metric for this company, then please state that and explain why.",Yes. Corning had a positive working capital amount of $831 million by FY 2022 close. This answer considers only operating current assets and current liabilities that were clearly shown in the balance sheet.,3,rerank retrieved docs,"No sufficient context is given. The provided context mentions working capital in relation to 3M, not Corning, and does not provide Corning's working capital data for FY2022. (Context sections 5 and the paragraph discussing 3M)",incorrect,0.6666666666666666,0,0,0,0
1,financebench_id_00070,domain-relevant,"Does American Water Works have positive working capital based on FY2022 data? If working capital is not a useful or relevant metric for this company, then please state that and explain why.","No, American Water Works had negative working capital of -$1561M in FY 2022.",3,rerank retrieved docs,"No sufficient context is given to determine American Water Works' working capital for FY2022, as the provided context mentions 3M's working capital and American Water's market value, but does not provide American Water's working capital data for FY2022. (Context: various sections)",incorrect,0.25,0,0,0,0
2,financebench_id_00080,domain-relevant,"Does Paypal have positive working capital based on FY2022 data? If working capital is not a useful or relevant metric for this company, then please state that and explain why.",Yes. Paypal has a positive working capital of $ 1.6Bn as of FY2022 end.,3,rerank retrieved docs,"Yes, PayPal has positive working capital based on FY2022 data. According to the provided context, working capital is $4,818 million, calculated as current assets minus current liabilities (Context: ""Working capital (non-GAAP measure) $ 4,818"").

(Source: Provided context, specifically the table with working capital calculation)",incorrect,0.0,0,0,0,0
3,financebench_id_00206,domain-relevant,"Are JPM's gross margins historically consistent (not fluctuating more than roughly 2% each year)? If gross margins are not a relevant metric for a company like this, then please state that and explain why.","Since JPM is a financial institution, gross margin is not a relevant metric.",3,rerank retrieved docs,"No sufficient context is given. The provided context discusses Corning's gross margin, not JPM's. JPM's data is presented, but it does not include gross margin information. [CONTEXT: Selected metrics, Selected balance sheet data]",incorrect,0.5,0,0,0,0
4,financebench_id_00215,domain-relevant,Is Verizon a capital intensive business based on FY 2022 data?,"Yes. Verizon's capital intensity ratio was approximately 2.774729. This means that it took approximately $2.77 of assets to generate $1 of revenue and thus, Verizon can be considered capital intensive.",3,rerank retrieved docs,"Yes, Verizon is a capital intensive business. In FY 2022, it invested $23.1 billion in capital expenditures. (Verizon 2022 Annual Report on Form 10-K)",correct,1.0,0,0,0,0
5,financebench_id_00216,domain-relevant,"Does Verizon have a reasonably healthy liquidity profile based on its quick ratio for FY 2022? If the quick ratio is not relevant to measure liquidity, please state that and explain why.",No. The quick ratio was approximately 0.54 for Verizon. It indicated that Verizon does not have a healthy liquidity profile.,3,rerank retrieved docs,"No sufficient context is given. The context does not provide information about Verizon's quick ratio for FY 2022, only mentioning its cash and cash equivalents balance. (Verizon 2022 Annual Report on Form 10-K, page 37)",incorrect,0.75,0,0,0,0
6,financebench_id_00222,domain-relevant,"Does AMD have a reasonably healthy liquidity profile based on its quick ratio for FY22? If the quick ratio is not relevant to measure liquidity, please state that and explain why.","Yes. The quick ratio is 1.57, calculated as (cash and cash equivalents+Short term investments+Accounts receivable, net+receivables from related parties)/ (current liabilities).",3,rerank retrieved docs,"No sufficient context is given. The provided context does not mention AMD's quick ratio for FY22, making it impossible to assess its liquidity profile based on this metric. (Context: Introduction and Overview sections)",incorrect,0.25,0,0,0,0
7,financebench_id_00283,novel-generated,How much does Pfizer expect to pay to spin off Upjohn in the future in USD million?,77.78,3,rerank retrieved docs,"No sufficient context is given.

The context mentions separation-related costs of $434 million in 2020 and $83 million in 2019, but it does not provide information on future expected payments to spin off Upjohn. (Pfizer Inc. 2021 Form 10-K)",incorrect,0.8,0,0,1,1
8,financebench_id_00288,novel-generated,Was there any drop in Cash & Cash equivalents between FY 2023 and Q2 of FY2024?,"Yes, there was a decline of ~42% between FY2023 and Q2 of FY 2024.",3,rerank retrieved docs,"Yes, there was a drop. Cash and cash equivalents decreased from $1,874 in FY 2023 to $1,093 in Q2 of FY2024. (Context: July 29, 2023, and January 28, 2023, cash and cash equivalents)",correct,0.6,1,1,1,1
9,financebench_id_00299,novel-generated,Which of JPM's business segments had the lowest net revenue in 2021 Q1?,Corporate. Its net revenue was -$473 million.,3,rerank retrieved docs,"Commercial Banking had the lowest net revenue in 2021 Q1, with $2,483 million. (Page: Segment results and reconciliation table)",incorrect,0.0,0,0,0,0
10,financebench_id_00302,novel-generated,Did Pfizer grow its PPNE between FY20 and FY21?,"Yes, change in PPNE was positive year over year",3,rerank retrieved docs,No sufficient context is given.,incorrect,0.0,0,0,0,0
11,financebench_id_00382,novel-generated,Which region had the Highest EBITDAR Contribution for MGM during FY2022?,Las Vegas resorts contributed ~90% of company level EBITDAR during FY2022.,3,rerank retrieved docs,"Las Vegas Strip Resorts had the highest EBITDAR contribution for MGM during FY2022, with $3,142,308. [Page 1 of 15, Exhibit 99.1, Year Ended December 31, 2022 table]",correct,0.6666666666666666,0,0,0,0
12,financebench_id_00394,novel-generated,"In 2022 Q2, which of JPM's business segments had the highest net income?",Corporate & Investment Bank. Its net income was $3725 million.,3,rerank retrieved docs,No sufficient context is given. The provided context does not contain enough information about JPM's business segments' net income in 2022 Q2.,incorrect,0.5,0,0,0,0
13,financebench_id_00407,novel-generated,Which type of debt received the largest investment among the short term investments for MGM in H1 FY2023?,the biggest short term investment is in corporate bonds (almost 82% of the total investment),3,rerank retrieved docs,"Corporate bonds received the largest investment, $416,420. (Context: The following tables present information regarding the Company’s debt investments, Short-term investments section)","The essence of the answers do not align. The generated answer provides a claim that corporate bonds received $416,420, however this answer is unsupported or irrelevant since the ground truth mentions 'corporate debt instruments' which aligns better with corporate bonds, but not specified location and it is unclear if the specific dollar amount means it is the largest holding? Further who is the user? Are they seeking a summary or a specific investment analysis? Since there's no approving statement, of matching the essense such as corporate bonds vs corporate debt?",1.0,1,1,1,1
14,financebench_id_00438,domain-relevant,"Does Adobe have an improving operating margin profile as of FY2022? If operating margin is not a useful metric for a company like this, then state that and explain why.",No the operating margins of Adobe have recently declined from 36.8% in FY 2021 to 34.6% in FY2022. A drop by 2.2% in a year.,3,rerank retrieved docs,"No, Adobe's operating margin profile is not improving as of FY2022. The operating margin decreased to 14% in 2022 from 17% in 2021, primarily due to increases in transaction expense and transaction and credit losses. (Context: ""Our operating margin was 14% and 17% in 2022 and 2021, respectively."")",correct,0.0,0,0,0,1
15,financebench_id_00460,novel-generated,Was there any change in the number of Best Buy stores between Q2 of FY2024 and FY2023?,"Yes, there is decline in number stores by 1.32% from 982 stores in Q2 FY 2023 to 969 by the end of Q2 FY2024.",3,rerank retrieved docs,"Yes, there was a change. The number of Best Buy stores decreased from 931 in Q2 of FY2023 to 907 in Q2 of FY2024, and from 127 in Canada in Q2 of FY2023 to 128 in Q2 of FY2024, but overall, it decreased from 931+127=1058 to 907+128=1035. (CONTEXT: Table of Contents International segment stores open at the beginning and end of the second quarters of fiscal 2024 and fiscal 2023)",correct,0.4,0,1,1,1
16,financebench_id_00464,novel-generated,Is Boeing's business subject to cyclicality?,"Yes, Boeing's business is subject to cyclicality due to its exposure to the airline industry which is a cyclical industry.",3,rerank retrieved docs,"Yes, Boeing's business is subject to cyclicality, particularly in the airline industry, which has been historically cyclical and competitive. (Context: ""Historically, the airline industry has been cyclical and very competitive..."")",correct,1.0,1,1,1,1
17,financebench_id_00476,domain-relevant,Which debt securities are registered to trade on a national securities exchange under American Express' name as of 2022?,There are none,3,rerank retrieved docs,No sufficient context is given.,incorrect,0.0,0,0,0,0
18,financebench_id_00494,novel-generated,What production rate changes is Boeing forecasting for FY2023?,"Boeing forecasts an increase in the production rates for the 737, 777X and 787 aircrafts in 2023.",3,rerank retrieved docs,"Boeing expects to gradually return to 5 productions per month in 2023. (Context, paragraph 1)",correct,1.0,0,1,1,1
19,financebench_id_00499,domain-relevant,Is 3M a capital-intensive business based on FY2022 data?,"No, the company is managing its CAPEX and Fixed Assets pretty efficiently, which is evident from below key metrics:
CAPEX/Revenue Ratio: 5.1%
Fixed assets/Total Assets: 20%
Return on Assets= 12.4%",3,rerank retrieved docs,No sufficient context is given. The provided context does not contain enough information about 3M's capital intensity in FY2022. [CONTEXT],incorrect,0.5,0,0,0,0
20,financebench_id_00517,domain-relevant,Are there any product categories / service categories that represent more than 20% of Boeing's revenue for FY2022?,"Yes. Boeing has product and service categories that represent more than 20% of Boeing's revenue for FY2022. These categories are Commercial Airplanes which comprises 39% of total revenue, Defence which comprises 35% of total revenue and Services which comprises 26% of total revenue.",3,rerank retrieved docs,"Yes, Commercial Airplanes and Defense, Space & Security represent 38.8% and 34.8% of Boeing's revenue for FY2022, respectively. Global Services also represents 26.4% of the revenue. (Notes to the Consolidated Financial Statements, Summary of Business Segment Data)",correct,-1.0,0,1,1,1
21,financebench_id_00521,domain-relevant,What are major acquisitions that Ulta Beauty has done in FY2023 and FY2022?,Ulta Beauty did not make any acquisitions in FY2023 and FY2022.,3,rerank retrieved docs,"No sufficient context is given.

The provided context does not mention any major acquisitions made by Ulta Beauty in FY2023 and FY2022. It discusses store expansion, remodeling, and relocation, as well as digital capabilities and financial performance, but does not provide information on acquisitions. (Context: Ulta Beauty store format and services, financial performance, and real estate vision)",incorrect,-1.0,0,0,1,1
22,financebench_id_00540,domain-relevant,Roughly how many times has AES Corporation sold its inventory in FY2022? Calculate inventory turnover ratio for the FY2022; if conventional inventory management is not meaningful for the company then state that and explain why.,AES has converted inventory 9.5 times in FY 2022.,3,rerank retrieved docs,"No sufficient context is given to calculate the inventory turnover ratio for FY2022, as the cost of goods sold is not provided in the context.",incorrect,-1.0,0,0,0,0
23,financebench_id_00552,domain-relevant,Has Microsoft increased its debt on balance sheet between FY2023 and the FY2022 period?,No. Microsoft decreased its debt by $2.5bn in FY 2023 vs FY 2022.,3,rerank retrieved docs,"No sufficient context is given to directly answer the question about Microsoft, as the context provided does not explicitly mention Microsoft, but rather refers to ""The Company"" without specifying its name. [CONTEXT]",incorrect,-1.0,0,0,0,0
24,financebench_id_00563,novel-generated,"From FY21 to FY22, excluding Embedded, in which AMD reporting segment did sales proportionally increase the most?",Data Center,3,rerank retrieved docs,"The Data Center segment had the largest proportional increase in sales, with a 64% increase. (Context: ""a 64% increase in Data Center segment revenue"")",correct,-1.0,0,0,0,0
25,financebench_id_00566,domain-relevant,Has Verizon increased its debt on balance sheet between 2022 and the 2021 fiscal period?,No. Verizon's debt decreased by $229 million.,3,rerank retrieved docs,"No, Verizon's total long-term debt, including current maturities, decreased from $150,868 million in 2021 to $150,489 million in 2022. (Note 7. Debt)",correct,-1.0,0,0,0,0
26,financebench_id_00585,novel-generated,How does Boeing's effective tax rate in FY2022 compare to FY2021?,"Effective tax rate in FY2022 was 0.62%, compared to  -14.76% in FY2021.",3,rerank retrieved docs,"Boeing's effective tax rate in FY2022 was 28.1%, compared to -1.7% in FY2021. [Context: Table of effective income tax rates, and text describing the difference between the effective income tax rate and the U.S. federal statutory rate for the years ended December 31, 2022, and 2021.]",incorrect,-1.0,0,0,0,1
27,financebench_id_00591,novel-generated,Does Adobe have an improving Free cashflow conversion as of FY2022?,"Yes, the FCF conversion (using net income as the denominator) for Adobe has improved by ~13% from 143% in 2021 to 156% in 2022",3,rerank retrieved docs,"No sufficient context is given.

The context provided does not mention Adobe's free cash flow conversion for FY2022, it only mentions Verizon's financial information.",incorrect,-1.0,0,0,0,0
28,financebench_id_00601,novel-generated,What drove the reduction in SG&A expense as a percent of net sales in FY2023?,"Lower marketing expenses and leverage of incentive compensation due to higher sales. The answer here assumes FY2023 refers to the 12 months ended on January 28, 2023 (although the company refers to this period as its fiscal 2022.",3,rerank retrieved docs,"The reduction in SG&A expense as a percent of net sales in FY2023 was primarily driven by exchange rate movements. [CONTEXT: Consolidated Selling, General, and Administrative (""SG&A"") Expenses]",incorrect,-1.0,0,1,1,1
29,financebench_id_00603,novel-generated,What drove the increase in Ulta Beauty's merchandise inventories balance at end of FY2023?,"Increase in Merchandise inventories balance was driven by the opening of 47 new stores. The answer here assumes FY2023 refers to the 12 months ended on January 28, 2023 (although the company refers to this period as its fiscal 2022.",3,rerank retrieved docs,"No sufficient context is given. The provided context shows the balance of merchandise inventories, but it does not provide detailed information on what drove the increase. (Table of Contents, Ulta Beauty, Inc. Consolidated Balance Sheets)",incorrect,-1.0,0,0,0,0
30,financebench_id_00605,novel-generated,What percent of Ulta Beauty's total spend on stock repurchases for FY 2023 occurred in Q4 of FY2023?,"36%. The answer here assumes FY2023 refers to the 12 months ended on January 28, 2023 (although the company refers to this period as its fiscal 2022.",3,rerank retrieved docs,"No sufficient context is given.

The context does not mention Ulta Beauty's total spend on stock repurchases for FY 2023 or Q4 of FY2023. (Ulta Beauty Announces Fourth Quarter Fiscal 2022 Results)",incorrect,-1.0,0,0,0,0
31,financebench_id_00606,novel-generated,Did Ulta Beauty's wages expense as a percent of net sales increase or decrease in FY2023?,"Wages expense as a percent of net sales increased in FY2023. The answer here assumes FY2023 refers to the 12 months ended on January 28, 2023 (although the company refers to this period as its fiscal 2022.",3,rerank retrieved docs,"No sufficient context is given.

The provided context does not contain information about Ulta Beauty's wages expense as a percent of net sales in FY2023. It only provides financial data for the 13 weeks ended January 28, 2023, and January 29, 2022, but does not specifically mention wages expense. (Exhibit 1, Consolidated Statements of Income)",incorrect,-1.0,0,0,0,0
32,financebench_id_00651,novel-generated,Is growth in JnJ's adjusted EPS expected to accelerate in FY2023?,"No, rate of growth in adjusted EPS is expected to decelerate slightly from 3.6% in FY2022 to 3.5% in FY2023.",3,rerank retrieved docs,"No, the context does not indicate an acceleration in growth of JnJ's adjusted EPS in FY2023. In fact, it mentions that adjusted EPS is expected to grow 8.1% in Q2, but the full-year guidance for adjusted operational EPS is $10.50, reflecting growth of 3.5% (Document: Johnson & Johnson's Q2 2023 results).",correct,-1.0,1,1,1,1
33,financebench_id_00669,domain-relevant,"What drove gross margin change as of FY2022 for JnJ? If gross margin is not a useful metric for a company like this, then please state that and explain why.","For FY22, JnJ had changes in gross margin due to: One-time COVID-19 vaccine manufacturing exit related costs, Currency impacts in the Pharmaceutical segment, Commodity inflation in the MedTech and Consumer Health segments, partially offset by Supply chain benefits in the Consumer Health segment.",3,rerank retrieved docs,"The decrease in gross margin for 2022 was primarily due to amortization of intangible assets associated with the Xilinx acquisition, as well as higher production, material, and freight costs (CONTEXT).

However, it seems that the provided context is not directly related to Johnson & Johnson (JnJ), as it mentions Xilinx acquisition and Corning, which might not be relevant to JnJ.

A more relevant part of the context states that the decrease in gross margin was driven by higher production, material, and freight costs, as well as incremental severance, accelerated depreciation, asset write-offs, and other related charges (CONTEXT).

It is also mentioned that movements in foreign exchange rates had an adverse impact on gross margin (CONTEXT).

Gross margin is a useful metric for a company like JnJ, as it helps to assess the profitability of its sales.

(Document: CONTEXT)",incorrect,-1.0,0,0,0,0
34,financebench_id_00678,domain-relevant,"Does Boeing have an improving gross margin profile as of FY2022? If gross margin is not a useful metric for a company like this, then state that and explain why.","Yes. Boeing has an improving gross margin profile as of FY2022. Gross profit improved from $3,017 million in FY2021 to $3,502 million in FY2022. Gross margin % improved from 4.8% in FY2021 to 5.3% in FY2022.",3,rerank retrieved docs,"No sufficient context is given. The context provided does not mention Boeing's gross margin profile for FY2022. It discusses the gross margin of other companies, but not Boeing. [CONTEXT: multiple documents, no mention of Boeing's gross margin]",incorrect,-1.0,0,0,1,1
35,financebench_id_00684,domain-relevant,"Does AMCOR have an improving gross margin profile as of FY2023? If gross margin is not a useful metric for a company like this, then state that and explain why.",No. For AMCOR there has been a slight decline in gross margins by 0.8%.,3,rerank retrieved docs,"No sufficient context is given. The context does not provide information on Amcor's gross margin profile for FY2023. It mentions Adjusted EBIT margin, but not gross margin. (CONTEXT: pages 1-2)",incorrect,-1.0,0,0,1,1
36,financebench_id_00685,domain-relevant,"Are Best Buy's gross margins historically consistent (not fluctuating more than roughly 2% each year)? If gross margins are not a relevant metric for a company like this, then please state that and explain why.","Yes, the margins have been consistent, there has been a minor decline of 1.1% in gross margins between FY2022 and FY2023.",3,rerank retrieved docs,"No sufficient context is given to determine the historical consistency of Best Buy's gross margins, as the provided context only discusses Corning's gross margin and Best Buy's gross profit rate, without providing a detailed breakdown of Best Buy's gross margins over time. [CONTEXT: Gross Margin section and Best Buy's MD&A section]",incorrect,-1.0,0,0,0,0
37,financebench_id_00702,novel-generated,Were there any potential events that are not in Pfizer's standard business operations that substantially increased net income in 2019?,"Yes, the gain on completion of Consumer Healthcare JV Transaction",3,rerank retrieved docs,"Yes, the gain on the completion of the Consumer Healthcare JV transaction substantially increased net income in 2019. (Pfizer Inc. and Subsidiary Companies, Year Ended December 31, 2019, (Gain) on completion of Consumer Healthcare JV transaction: $8,107 million)",correct,-1.0,0,1,1,1
38,financebench_id_00705,novel-generated,"By how much did Pepsico increase its unsecured five year revolving credit agreement on May 26, 2023?","$400,000,000 increase.",3,rerank retrieved docs,"PepsiCo increased its unsecured five year revolving credit agreement by $400,000,000, from $3,800,000,000 to $4,200,000,000. (Context: 2023 Five Year Credit Agreement)",correct,-1.0,1,1,1,1
39,financebench_id_00711,domain-relevant,Roughly how many times has JnJ sold its inventory in FY2022? Calculate inventory turnover ratio for FY2022; if conventional inventory management is not meaningful for the company then state that and explain why.,JnJ sold its inventory 2.7 times in FY2022.,3,rerank retrieved docs,"No sufficient context is given to calculate the inventory turnover ratio for FY2022, as the context does not provide the cost of goods sold (COGS) for FY2022, which is necessary to calculate the inventory turnover ratio. (Context: Item 8. FINANCIAL STATEMENTS AND SUPPLEMENTARY DATA)",incorrect,-1.0,0,0,0,0
40,financebench_id_00720,domain-relevant,"What drove gross margin change as of the FY2022 for American Express? If gross margin is not a useful metric for a company like this, then please state that and explain why.",Performance is not measured through gross margin,3,rerank retrieved docs,"No sufficient context is given. The context provided does not mention American Express's gross margin change for FY2022. It discusses gross margin changes for Corning and another company (likely NIKE), but not American Express. [CONTEXT: entire text]",incorrect,-1.0,0,0,0,0
41,financebench_id_00723,domain-relevant,"Does AMEX have an improving operating margin profile as of 2022? If operating margin is not a useful metric for a company like this, then state that and explain why.",Performance is not measured through operating margin,3,rerank retrieved docs,"No, AMEX does not have an improving operating margin profile as of 2022. The operating margin was 14% in 2022, down from 17% in 2021. (Context: ""Our operating margin was 14% and 17% in 2022 and 2021, respectively."")",incorrect,-1.0,0,0,1,1
42,financebench_id_00724,novel-generated,"For Pfizer, which geographic region had the biggest drop in Q22023 year over year revenues (on a percentage basis)?",Developed Rest of the World,3,rerank retrieved docs,No sufficient context is given.,incorrect,-1.0,0,0,0,0
43,financebench_id_00735,domain-relevant,Has Pepsico reported any materially important ongoing legal battles from FY2022 and FY2021?,"No, Pepsico is not involved in material legal battles.",3,rerank retrieved docs,"No sufficient context is given to determine ongoing legal battles. However, the context mentions ""Item 3. Legal Proceedings"" on page 24, which may contain relevant information, but its content is not provided. (Form 10-K Annual Report, Table of Contents)",incorrect,-1.0,0,0,0,0
44,financebench_id_00746,domain-relevant,Which debt securities are registered to trade on a national securities exchange under Ulta Beauty's name as of FY2023?,There are none,3,rerank retrieved docs,"No sufficient context is given.

The provided context only mentions common stock registered under Section 12(b) of the Act, but does not provide information on debt securities. (FORM 10-K)",incorrect,-1.0,1,1,1,1
45,financebench_id_00757,novel-generated,Did AMD report customer concentration in FY22?,"Yes, one customer accounted for 16% of consolidated net revenue",3,rerank retrieved docs,No sufficient context is given. The provided context does not mention customer concentration in FY22. (Based on the given context),incorrect,-1.0,0,0,0,0
46,financebench_id_00790,domain-relevant,Is CVS Health a capital-intensive business based on FY2022 data?,"Yes, CVS Health requires an extensive asset base to operate, which is evident from its ROA of only 1.82% in 2022 and 3.39% in 2021, though it should be noted that a significant portion of this asset base is goodwill, and CVS's fixed assets/total assets ratio is on the lower side of 5.6%.",3,rerank retrieved docs,"No sufficient context is given.

The provided context does not contain enough information to determine if CVS Health is a capital-intensive business based on FY2022 data. (CONTEXT: CVS Health 10-K report excerpts)",incorrect,-1.0,0,0,0,0
47,financebench_id_00799,domain-relevant,"Has AMCOR's quick ratio improved or declined between FY2023 and FY2022? If the quick ratio is not something that a financial analyst would ask about a company like this, then state that and explain why.",The quick ratio has slightly improved from 0.67 times to 0.69 times between FY 2023 and FY 2022.(3.4% jump),3,rerank retrieved docs,"No sufficient context is given. The provided context does not mention the quick ratio of Amcor for either FY2023 or FY2022, making it impossible to determine if it has improved or declined. (Based on the given context)",incorrect,-1.0,0,0,0,0
48,financebench_id_00807,domain-relevant,"Does 3M have a reasonably healthy liquidity profile based on its quick ratio for Q2 of FY2023? If the quick ratio is not relevant to measure liquidity, please state that and explain why.","No. The quick ratio for 3M was 0.96 by Jun'23 close, which needs a bit of an improvement to touch the 1x mark",3,rerank retrieved docs,"No sufficient context is given. The context does not provide the quick ratio for Q2 of FY2023, making it impossible to assess 3M's liquidity profile based on this metric. (No relevant document citation)",incorrect,-1.0,0,0,0,0
49,financebench_id_00822,novel-generated,Were there any board member nominees who had substantially more votes against joining than the other nominees?,"Yes, his name is Richard A. Johnson",3,rerank retrieved docs,"Yes, Richard A. Johnson had substantially more votes against (16,105,005) than the other nominees. [CONTEXT: Proposal 1, voting results]",incorrect,-1.0,1,1,1,1
50,financebench_id_00839,novel-generated,Does Foot Locker's new CEO have previous CEO experience in a similar company to Footlocker?,Yes. She was previous CEO of Ulta Beauty which means she had to manage a large retail company that has brick and mortar + online business. So yes she was a CEO in a similar company to Foot Locker before this.,3,rerank retrieved docs,"Yes, Mary N. Dillon has previous CEO experience, having served as President, CEO, and a member of the Board of Directors of U.S. Cellular. (Exhibit 99.1)",correct,-1.0,0,0,1,1
51,financebench_id_00859,novel-generated,"Among all of the derivative instruments that Verizon used to manage the exposure to fluctuations of foreign currencies exchange rates or interest rates, which one had the highest notional value in FY 2021?","Cross currency swaps. Its notional value was $32,502 million.",3,rerank retrieved docs,"Cross currency swaps had the highest notional value of $32,502 million in FY 2021. (Verizon 2021 Annual Report on Form 10-K)",correct,-1.0,1,1,1,1
52,financebench_id_00882,novel-generated,"As of May 26, 2023, what is the total amount Pepsico may borrow under its unsecured revolving credit agreements?","Total amount Pepsico may borrow under unsecured revolving credit agreements = $8,400,000,000.",3,rerank retrieved docs,"As of May 26, 2023, PepsiCo may borrow up to $8,400,000,000 ($4,200,000,000 under the 2023 Five Year Credit Agreement and $4,200,000,000 under the 2023 364 Day Credit Agreement). [CONTEXT: 2023 Five Year Credit Agreement and 2023 364 Day Credit Agreement sections]",correct,-1.0,1,1,1,1
53,financebench_id_00917,domain-relevant,"What drove operating margin change as of the FY22 for AMD? If operating margin is not a useful metric for a company like this, then please state that and explain why.",The decrease in AMD's operating income was primarily driven by amortization of intangible assets associated with the Xilinx acquisition,3,rerank retrieved docs,"No sufficient context is given. The provided context does not mention AMD, it appears to be a financial report of a different company.",incorrect,-1.0,0,0,0,0
54,financebench_id_00941,domain-relevant,Which debt securities are registered to trade on a national securities exchange under 3M's name as of Q2 of 2023?,"Following debt securities registered under 3M's name are listed to trade on the New York Stock Exchange:
-1.500% Notes due 2026 (Trading Symbol: MMM26)
-1.750% Notes due 2030 (Trading Symbol: MMM30)
-1.500% Notes due 2031 (Trading Symbol: MMM31)",3,rerank retrieved docs,"No sufficient context is given.

The provided context does not specifically mention which debt securities are registered to trade on a national securities exchange under 3M's name as of Q2 of 2023. It mentions the medium-term notes program (Series F) and the updated shelf registration statement, but does not provide information on the registration of debt securities for trading on a national securities exchange. (Table of Contents, PART II, Item 5)",incorrect,-1.0,0,0,0,0
55,financebench_id_00956,domain-relevant,Are JnJ's FY2022 financials that of a high growth company?,"No, JnJ's FY2022 financials are not of a high growth company as sales grew by 1.3% in FY2022.",3,rerank retrieved docs,"No, Johnson & Johnson's FY2022 financials do not indicate high growth, with reported sales growth of 1.3% and adjusted operational EPS growth of 3.5% (Document: Johnson & Johnson's Annual Report).",correct,-1.0,0,0,0,0
56,financebench_id_00995,domain-relevant,What are the major products and services that AMD sells as of FY22?,"AMD sells server microprocessors (CPUs) and graphics processing units (GPUs), data processing units (DPUs), Field Programmable Gate Arrays (FPGAs), and Adaptive System-on-Chip (SoC) products for data centers; CPUs, accelerated processing units (APUs) that integrate CPUs and GPUs, and chipsets for desktop and notebook personal computers; discrete GPUs, and semi-custom SoC products and development services; and embedded CPUs, GPUs, APUs, FPGAs, and Adaptive SoC products.",3,rerank retrieved docs,"AMD sells various products, including x86 microprocessors, graphics processing units, accelerated processing units, chipsets, data center and professional GPUs, embedded processors, and semi-custom System-on-Chip products. They also offer microprocessor and SoC development services and technology. (Context: NOTE 1 – The Company)",correct,-1.0,0,1,1,1
57,financebench_id_01009,domain-relevant,What are the geographies that Pepsico primarily operates in as of FY2022?,"As of FY2022, Pepsico primarily operates in the following geographies: North America, Latin America, Europe, Africa, Middle East, South Asia, Asia Pacific, Australia, New Zealand and China.",3,rerank retrieved docs,"PepsiCo operates in over 200 countries and territories. Specific geographies mentioned include the United States, Panama, Guatemala, Brazil, Hong Kong, Cayman Islands, Argentina, Australia, Luxembourg, United Kingdom, Kyrgyzstan, Mexico, United Arab Emirates, Greece, Spain, Uzbekistan, Russia, India, Saudi Arabia, Singapore, Netherlands, Mauritius, Ireland, Japan, and Poland. (CONTEXT: OUR BUSINESS, EXHIBIT 21)",incorrect,-1.0,0,0,0,0
58,financebench_id_01028,domain-relevant,What are the geographies that American Express primarily operates in as of 2022?,"United States, EMEA, APAC, and LACC",3,rerank retrieved docs,"American Express operates in the United Kingdom, European Union, Australia, Japan, Canada, and Mexico, as well as approximately 103 countries and territories worldwide. (Context: Diverse Customer Base and Global Footprint, Card Network Business)",incorrect,-1.0,0,0,0,0
59,financebench_id_01077,domain-relevant,"What are major acquisitions that Best Buy has done in FY2023, FY2022 and FY2021?","Best Buy closed two acquisitions, both these companies were already partially owned by Best Buy, but Best Buy acquired all outstanding shares of these two companies during FY 2022: (1) Current Health Ltd and (2) Two Peaks, LLC d/b/a Yardbird Furniture",3,rerank retrieved docs,"No sufficient context is given.

The context only mentions the number of stores opened and closed for each brand (Best Buy, Outlet Centers, Pacific Sales, Yardbird) but does not provide information on major acquisitions made by Best Buy in FY2023, FY2022, and FY2021. (Source: Provided context, Domestic segment stores open at the end of each of the last three fiscal years)",incorrect,-1.0,0,0,0,0
60,financebench_id_01079,domain-relevant,"What are major acquisitions that AMCOR has done in FY2023, FY2022 and FY2021?","Amcor completed these acquisitions during FY2023:
-100% equity interest of a flexibles manufacturing company in the Czech Republic
- 100% equity interest in a medical device packaging manufacturing site in
Shanghai, China.
-acquisition of a New Zealand-based leading manufacturer of state-of-the-art, automated protein
packaging machines.",3,rerank retrieved docs,"No sufficient context is given.

The provided context does not mention any major acquisitions made by Amcor in FY2023, FY2022, or FY2021. It only discusses financial results, outlook, and operational information. (Based on the given context)",incorrect,-1.0,0,0,0,0
61,financebench_id_01091,domain-relevant,Has Boeing reported any materially important ongoing legal battles from FY2022?,Yes. Multiple lawsuits have been filed against Boeing resulting from a 2018 Lion Air crash and a 2019 Ethiopian Airlines crash.,3,rerank retrieved docs,"No sufficient context is given.

Although the context mentions ""Item 3. Legal Proceedings"" in the table of contents, the actual content of this item is not provided, making it impossible to determine if Boeing reported any materially important ongoing legal battles from FY2022. (Table of Contents, Page 18)",incorrect,-1.0,0,0,0,0
62,financebench_id_01107,domain-relevant,"Has CVS Health reported any materially important ongoing legal battles from 2022, 2021 and 2020?","Yes, CVS Health has been involved in multiple ongoing legal battles. Some notable legal dispute areas for CVS are: (1) usual and customary pricing litigation: where it's claimed that CVSâs retail pharmacies overcharged for prescription drugs; (2) PBM litigation and investigations: where it's claimed that that rebate agreements between the drug manufacturers and PBMs caused inflated prices for certain drug products; and (3) controlled substances litigation: legal matters around opioids for which CVS has agreed to pay up to $4.3 billion to claimants in remediation and $625 million to attorneys and fees",3,rerank retrieved docs,"Yes, CVS Health reported ongoing legal battles related to opioids. In 2022, the company was found liable in a federal court trial in Ohio and was ordered to pay $651 million. (Context: ""In November 2021...""; ""In August 2022...""; ""In March 2022..."")",correct,-1.0,0,0,0,0
63,financebench_id_01148,domain-relevant,What industry does AMCOR primarily operate in?,Amcor is a global leader in packaging production for various use cases.,3,rerank retrieved docs,"Amcor primarily operates in the packaging industry, specifically in developing and producing responsible packaging solutions. (Context: ""About Amcor"", ""Overview"")",Incorrect,-1.0,0,0,1,1
64,financebench_id_01163,domain-relevant,"Among operations, investing, and financing activities, which brought in the most (or lost the least) cash flow for Nike in FY2023?","Among the three, cash flow from operations was the highest for Nike in FY2023.",3,rerank retrieved docs,"Operations brought in the most cash flow for Nike in FY2023, with $1,481 million cash inflow from investments and $145 million net cash provided by operating activities. [CONTEXT: investments resulted in a cash inflow, Net cash provided by operating activities 145]",incorrect,-1.0,0,0,0,1
65,financebench_id_01198,domain-relevant,What drove revenue change as of the FY22 for AMD?,"In 2022, AMD reported Higher sales of their EPYC server processors, higher semi-custom product sales, and the inclusion of Xilinx embedded product sales",3,rerank retrieved docs,"No sufficient context is given. The provided context does not mention FY22 specifically, and the information about revenue changes is related to fiscal 2024, not FY22. (Based on the given context)",incorrect,-1.0,0,0,1,1
66,financebench_id_01226,domain-relevant,"What drove operating margin change as of FY2022 for 3M? If operating margin is not a useful metric for a company like this, then please state that and explain why.","Operating Margin for 3M in FY2022 has decreased by 1.7% primarily due to:
-Decrease in gross Margin
-mostly one-off charges including Combat Arms Earplugs litigation, impairment related to exiting PFAS manufacturing, costs related to exiting Russia and divestiture-related restructuring
charges",3,rerank retrieved docs,"Operating margin change in 2022 was driven by increases in transaction expense and transaction and credit losses (CONTEXT). Operating margin is a useful metric for 3M, as it helps assess the company's profitability. (Based on CONTEXT)",incorrect,-1.0,0,0,0,0
67,financebench_id_01244,domain-relevant,Has CVS Health paid dividends to common shareholders in Q2 of FY2022?,"Yes, CVS paid a $ 0.55 dividend per share every quarter in FY2022",3,rerank retrieved docs,"Yes, CVS Health paid a quarterly cash dividend of $0.55 per share in 2022. (Item 5, Market for Registrant’s Common Equity, Related Stockholder Matters and Issuer Purchases of Equity Securities)",correct,-1.0,1,1,1,1
68,financebench_id_01254,domain-relevant,Has MGM Resorts paid dividends to common shareholders in FY2022?,Yes. MGM maintained 0.01$ per share annual dividend through out FY 2022.,3,rerank retrieved docs,"Yes, MGM Resorts paid dividends to common shareholders in FY2022. (Document: CONSOLIDATED STATEMENTS OF STOCKHOLDERS’ EQUITY, Dividends declared and paid to common shareholders ($0.0025 per share))",incorrect,-1.0,0,0,0,0
69,financebench_id_01275,domain-relevant,"Among operations, investing, and financing activities, which brought in the most (or lost the least) cash flow for Best Buy in FY2023?",Best Buy generated the most cash flow from operating activities in FY 2023 ($1.8 bn),3,rerank retrieved docs,"Operating activities brought in the most cash flow with $145 million (or $2,715 million, depending on the context). [CONTEXT: Net cash provided by operating activities 145 323, and Cash flows provided by (used in): Operating activities $ 2,715]",incorrect,-1.0,0,0,0,0
70,financebench_id_01279,domain-relevant,"Among operations, investing, and financing activities, which brought in the most (or lost the least) cash flow for AMD in FY22?","In 2022, AMD brought in the most cashflow from Operations",3,rerank retrieved docs,"Operating activities brought in the most cash flow for AMD in FY22, with $145 million. (Consolidated Statements of Cash Flows)",correct,-1.0,0,0,0,0
71,financebench_id_01290,domain-relevant,Who are the primary customers of Boeing as of FY2022?,Boeing's primary customers as of FY2022 are a limited number of commercial airlines and the US government. The US government accounted for 40% of Boeing's total revenues in FY2022.,3,rerank retrieved docs,"The primary customers of Boeing are commercial airlines worldwide. [Commercial Airplanes Segment, PART I, Item 1. Business]",incorrect,-1.0,0,0,0,0
72,financebench_id_01319,domain-relevant,What is the quantity of restructuring costs directly outlined in AES Corporation's income statements for FY2022? If restructuring costs are not explicitly outlined then state 0.,0,3,rerank retrieved docs,$0.3 billion in restructuring. (CONTEXT: Statement of Earnings),incorrect,-1.0,0,0,0,0
73,financebench_id_01328,domain-relevant,What is the quantity of restructuring costs directly outlined in Pepsico's income statements for FY2022? If restructuring costs are not explicitly outlined then state 0.,Pepsico's restructuring costs in FY2022 amounted to $411 million .,3,rerank retrieved docs,$0.3 billion in restructuring. (CONTEXT: Statement of Earnings),Incorrect,-1.0,0,1,1,1
74,financebench_id_01346,domain-relevant,How much has the effective tax rate of Corning changed between FY2021 and FY2022?,The effective tax rate of Corning has changed from 20% in FY2021 to 23% in FY 2022.,3,rerank retrieved docs,"The effective tax rate of Corning changed from 20.2% in FY2021 to 22.9% in FY2022, and then to 23% in FY2022. (Refer to the provided context, specifically the ""Effective tax rate"" table).",correct,-1.0,0,1,1,1
75,financebench_id_01351,domain-relevant,How much has the effective tax rate of American Express changed between FY2021 and FY2022?,The effective tax rate for American Express has changed/dropped from 24.6% in FY 2021 to 21.6% in FY 2022.,3,rerank retrieved docs,"The effective tax rate for the six months ended December 31, 2022 decreased by 10.7 percentage points compared to the six months ended December 31, 2021 from 22.3% to 11.6%. (CONTEXT, page 1)",correct,-1.0,0,0,0,0
76,financebench_id_01474,novel-generated,"As of FY2023Q1, why did Pepsico raise full year guidance for FY2023?",Pepsico experienced a strong start to FY2023.,3,rerank retrieved docs,"PepsiCo raised full-year guidance for FY2023 due to its strong start to the year, with resilient categories and geographies during Q1. (PepsiCo Reports First-Quarter 2023 Results)",correct,-1.0,1,1,1,1
77,financebench_id_01476,novel-generated,"As of FY2023Q1, by how many percentage points did Pepsico raise full year guidance in respect of core constant currency EPS growth?",Pepsico raised full year guidance in respect of core constant currency EPS growth by 1 percentage point.,3,rerank retrieved docs,"PepsiCo raised its full-year 2023 core constant currency EPS growth guidance by 1 percentage point, from 8 percent to 9 percent. (Source: PepsiCo Reports First-Quarter 2023 Results; Raises Full-Year Guidance)",correct,-1.0,1,1,1,1
78,financebench_id_01482,novel-generated,"At the Pepsico AGM held on May 3, 2023, what was the outcome of the shareholder vote on the shareholder proposal for a congruency report by Pepsico on net-zero emissions policies?",The shareholder proposal for a congruency report by Pepsico on net-zero emissions policies was defeated.,3,rerank retrieved docs,"No sufficient context is given.

The provided context does not mention a shareholder proposal for a congruency report by Pepsico on net-zero emissions policies. It only mentions the outcomes of other shareholder proposals, such as the independent Board Chair, global transparency report, and report on impacts of reproductive healthcare legislation. (Document: Item 5.07, Submission of Matters to a Vote of Security Holders)",incorrect,-1.0,1,1,1,1
79,financebench_id_01484,novel-generated,How did JnJ's US sales growth compare to international sales growth in FY2022?,US sales increased 3.0% vs international sales decline of 0.6%.,3,rerank retrieved docs,"US sales growth was 3.0% in 2022, while international sales growth was a decrease of 0.6% in 2022. [CONTEXT: Sales by U.S. companies were $48.6 billion in 2022 and $47.2 billion in 2021... Sales by international companies were $46.4 billion in 2022 and $46.6 billion in 2021.]",correct,-1.0,0,0,0,0
80,financebench_id_01487,novel-generated,Did JnJ's net earnings as a percent of sales increase in Q2 of FY2023 compared to Q2 of FY2022?,"Yes, net earnings as a percent of sales increased from 20% in Q2 of FY2022 to 20.1% in Q2 of FY2023.",3,rerank retrieved docs,No sufficient context is given. The provided context does not contain the net earnings data for Q2 of FY2022 and FY2023 to make a comparison. [CONTEXT: Johnson & Johnson press release],incorrect,-1.0,0,0,0,0
81,financebench_id_01488,novel-generated,"Which business segment of JnJ will be treated as a discontinued operation from August 30, 2023 onward?","The Consumer Health business segment will be treated as a discontinued operation from August 30, 2023 onward.",3,rerank retrieved docs,"The Consumer Health business segment of Johnson & Johnson will be treated as a discontinued operation from August 30, 2023 onward, as a result of the completion of the exchange offer to finalize the separation of Kenvue Inc. (Exhibit 99.1, Press Release dated August 30, 2023).",correct,-1.0,0,0,0,0
82,financebench_id_01490,novel-generated,"What is the amount of the gain accruing to JnJ as a result of the separation of its Consumer Health business segment, as of August 30, 2023?",JnJ will make a gain of approximately $20 billion from the separation of its Consumer Health business segment.,3,rerank retrieved docs,"The gain is approximately $20 billion in the third quarter of 2023. (Context: ""including a gain of approximately $20 billion in the third quarter of 2023"")",incorrect,-1.0,0,0,0,0
83,financebench_id_01491,novel-generated,"What is the amount of the cash proceeds that JnJ realised from the separation of Kenvue (formerly Consumer Health business segment), as of August 30, 2023?",JnJ realised $13.2 billion in cash proceeds from the separation of Kenvue.,3,rerank retrieved docs,The Company generated $13.2 billion in cash proceeds as a result of the Kenvue debt offering and initial public offering. (Exhibit 99.1),correct,-1.0,0,0,0,0
84,financebench_id_01858,novel-generated,Does 3M maintain a stable trend of dividend distribution?,"Yes, not only they distribute the dividends on a routine basis, 3M has also been increasing the per share dividend for consecutive 65 years",3,rerank retrieved docs,"No sufficient context is given to determine the trend of dividend distribution. The context only mentions that ""3M expects to continue returning cash to shareholders through dividends and share repurchases"" (Source: provided context), but does not provide historical data or information on the stability of dividend distribution.",incorrect,-1.0,0,0,0,0
85,financebench_id_01865,novel-generated,"If we exclude the impact of M&A, which segment has dragged down 3M's overall growth in 2022?",The consumer segment shrunk by 0.9% organically.,3,rerank retrieved docs,"No sufficient context is given.

The context mentions various factors affecting 3M's business, such as increased raw materials and logistics costs, manufacturing productivity headwinds, and investments in the business, but it does not provide a clear comparison of the growth of different segments in 2022, excluding the impact of M&A. (CONTEXT)",incorrect,-1.0,0,0,0,0
86,financebench_id_01902,novel-generated,Which Best Buy product category performed the best (by top line) in the domestic (USA) Market during Q2 of FY2024?,"The entertainment segment experienced the highest growth of 9% during Q2 FY2024, primarily from gaming division.",3,rerank retrieved docs,"Computing and Mobile Phones was the largest revenue category, with 41% of the revenue mix. (Context: Revenue Mix Summary, Three Months Ended July 29, 2023)",incorrect,-1.0,0,0,0,0
87,financebench_id_01911,novel-generated,What was MGM's interest coverage ratio using FY2022 Adjusted EBIT as the numerator and annual Interest Expense as the denominator?,"As adjusted EBIT is negative, coverage ratio is zero",3,rerank retrieved docs,"No sufficient context is given.

The context does not provide the annual Interest Expense for FY2022, which is necessary to calculate the interest coverage ratio. (Document: CONTEXT)",incorrect,-1.0,0,0,0,1
88,financebench_id_01912,novel-generated,Which region had the worst topline performance for MGM during FY2022?,MGM China experienced the worst topline performance amongst the other regions presented. Its revenue declined 44% in FY2022 whereas the other regions presented increased their revenues.,3,rerank retrieved docs,"MGM China had the worst topline performance, with a 44% decrease in net revenues compared to the prior year. (Context: MGM Resorts International financial statements)",correct,-1.0,0,0,0,0
89,financebench_id_01928,novel-generated,What Was AMCOR's Adjusted Non GAAP EBITDA for FY 2023,"AMCOR's Adj. EBITDA was $2,018mn in FY 2023",3,rerank retrieved docs,"No sufficient context is given to directly calculate Adjusted Non-GAAP EBITDA for FY 2023.

However, according to the provided context, the reconciliation of Non-GAAP measures for the twelve months ended June 30, 2023, is not fully provided. But, the context does provide the Adjusted EBIT for FY 2023, which is $1,608 million.

To calculate EBITDA, we need depreciation and amortization, which is provided for the three months ended June 30, 2023, but not for the full year.

Thus, we cannot calculate the Adjusted Non-GAAP EBITDA for FY 2023 based on the given context.

(Document: Amcor reports fiscal 2023 results and provides outlook for fiscal 2024)",incorrect,-1.0,0,0,0,0
90,financebench_id_01930,novel-generated,"How much was the Real change in Sales for AMCOR in FY 2023 vs FY 2022, if we exclude the impact of FX movement, passthrough costs and one-off items?",The Real Growth was flat in FY 2023 vs FY 2022.,3,rerank retrieved docs,"The real change in sales was an increase of $7 million, or 0%, reflecting price/mix benefits of 3% and unfavorable volumes of (3%) (CONTEXT: Results of Operations).",incorrect,-1.0,0,0,0,0
91,financebench_id_01935,novel-generated,What was the key agenda of the AMCOR's 8k filing dated 1st July 2022?,"Amcor Finance (USA), Inc. and Amcor Flexibles North America, Inc., entered into supplemental indentures relating to Guaranteed Senior Notes due 2026 and 2028. This involved the substitution of the Substitute Issuer (Amcor Flexibles North America) for the Former Issuer (Amcor Finance) and the assumption of covenants under the indentures. (In essence a novation agreement)",3,rerank retrieved docs,"No sufficient context is given to determine the key agenda of AMCOR's 8-K filing dated July 1, 2022. (Source: Provided context)",incorrect,-1.0,0,1,1,1
92,financebench_id_01936,novel-generated,What is the nature & purpose of AMCOR's restructuring liability as oF Q2 of FY2023 close?,87% of the total restructuring liability is related Employee liabilities.,3,rerank retrieved docs,"No sufficient context is given to determine the nature and purpose of AMCOR's restructuring liability as of Q2 of FY2023 close. The provided context only discusses the company's restructuring expenses and liabilities up to fiscal year 2022 and does not provide specific information about Q2 of FY2023. [CONTEXT: Consolidated Amcor Restructuring Plans, Total liabilities, Shareholders' Equity]",incorrect,-1.0,0,0,0,0
93,financebench_id_01964,novel-generated,What was the largest liability in American Express's Balance Sheet in 2022?,Customer deposits,3,rerank retrieved docs,"No sufficient context is given. The provided context does not contain a comprehensive balance sheet, only specific liabilities are mentioned, such as accruals, letters of credit, and income tax liabilities. (CONTEXT: various sections, including notes on litigation, income tax, and credit concentrations)",incorrect,-1.0,0,0,0,0
94,financebench_id_01981,novel-generated,Was American Express able to retain card members during 2022?,Yes,3,rerank retrieved docs,"No sufficient context is given.

The context does not provide information about American Express's ability to retain card members during 2022. It mentions the number of cards-in-force issued by third parties worldwide at December 31, 2022, but does not provide data on card member retention. (Source: Table of Contents, Card Network Business)",incorrect,-1.0,0,0,0,0
95,financebench_id_02024,novel-generated,"As of FY 2021, how much did Verizon expect to pay for its retirees in 2024?","The estimated pension benefits were $1097 million, and the estimated health care and life insurance benefits were $862 million.",3,rerank retrieved docs,No sufficient context is given.,incorrect,-1.0,0,0,0,0
96,financebench_id_02049,novel-generated,"Looking at VaR, did the risk that JPM faced in the second fiscal quarter of 2023 decrease compared to the same period in the prior year?",Yes. It decreased.,3,rerank retrieved docs,"No, the context does not provide information about the second fiscal quarter of 2023 compared to the same period in the prior year. It only mentions the months ended June 30, 2023, without providing a comparison to the same period in 2022. (Context: months ended June 30, 2023, compared with the same period in the prior year predominantly driven by risk reductions impacting Credit Portfolio VaR as well as fixed income.)",incorrect,-1.0,0,0,0,0
97,financebench_id_02119,novel-generated,"If JPM went bankrupted by the end by 2021 Q1 and liquidated all of its assets to pay its shareholders, how much could each shareholder get?",They could receive $66.56 per share.,3,rerank retrieved docs,No sufficient context is given. The provided context does not contain information about the total number of shareholders or the specific details of the company's assets and liabilities at the end of 2021 Q1. (Context: JPMorgan Chase & Co./2022 Form 10-K),incorrect,-1.0,0,0,0,0
98,financebench_id_02416,novel-generated,What are three main companies acquired by Pfizer mentioned in this 10K report?,"Trillium, Array, and Therachon",3,rerank retrieved docs,No sufficient context is given.,incorrect,-1.0,0,0,0,0
99,financebench_id_02419,novel-generated,"As of Q2'2023, is Pfizer spinning off any large business segments?","Yes, it's spinning off Upjohn.",3,rerank retrieved docs,"No sufficient context is given.

The provided context mentions the spin-off of the Upjohn Business in 2020, but does not provide information about any spin-offs as of Q2'2023. (Pfizer Inc. and Subsidiary Companies, Note 17)",incorrect,-1.0,0,0,1,1
